{
"Levels":
{
"0":{"kind":"SewerLevel", "depth":0,"size":[0,0]}, 
"Entrance":{"kind":"PredesignedLevel", "depth":1,"size":[1,1],"file":"levelsDesc/Entrance.json","isSafe":true},
"main":{"kind":"PredesignedLevel", "depth":1,"size":[1,1],"file":"levelsDesc/main.json","isSafe":true},
"shopping":{"kind":"PredesignedLevel", "depth":1, "size":[1,1], "file":"levelsDesc/Shopping.json","isSafe":true}
},
"Graph":
{
"0":[["Entrance"],[]],
"Entrance":[["main","shopping"],["0"]],
"main":[["Entrance"],["Entrance"]],
"shopping":[["Entrance"],["Entrance"],[2]]
},
"Entrance":"0"
}
