{
"width":11,
"height":8,
"map":
[
0,4,4,4,4,6,4,4,4,4,4,
0,4,1,1,1,14,1,1,24,4,4,
0,4,1,1,24,14,1,1,1,4,1,
14,25,14,14,14,14,14,14,14,26,14,
0,4,1,24,1,14,1,1,1,4,1,
0,4,1,1,1,14,24,1,1,4,4,
0,4,4,4,4,10,4,4,4,4,4,
0,4,4,4,0,0,0,4,4,4,4
],
"objects":
[
{"kind":"Sign","x":4,"y":1,"text":"ChangeLog"},
{"kind":"Sign","x":6,"y":1,"text":"Reserved"},
{"kind":"Sign","x":3,"y":4,"text":"ShopText"},
{"kind":"Sign","x":7,"y":4,"text":"MainPartText"}
],
"items":[
],
"entrance":[5,0],
"multiexit":[[9,3],[1,3]],
"tiles":"tiles_necropolis.png"
}
