{ "entrance":[1, 17],
 "height":30,
 "map":[4, 4, 4, 4, 4, 4, 4, 4, 4, 4, 4, 4, 4, 4, 4, 4, 4, 4, 4, 4, 4, 4, 4, 4, 4, 4, 4, 4, 4, 4, 4, 4, 4, 4, 4, 4, 4, 4, 4, 4, 4, 4, 4, 4, 4, 4, 4, 4, 4, 4, 4, 4, 4, 4, 4, 4, 4, 4, 4, 4, 4, 4, 4, 4, 4, 4, 4, 4, 4, 4, 4, 4, 4, 4, 4, 4, 4, 4, 4, 4, 4, 4, 4, 4, 4, 4, 4, 4, 4, 4, 4, 4, 4, 4, 4, 4, 4, 4, 4, 4, 4, 4, 4, 4, 4, 4, 4, 4, 4, 4, 4, 4, 4, 4, 4, 4, 4, 4, 4, 4, 4, 4, 4, 4, 4, 4, 4, 4, 4, 4, 4, 4, 4, 4, 4, 4, 4, 4, 4, 4, 4, 4, 4, 4, 4, 4, 4, 4, 4, 4, 4, 4, 4, 4, 4, 4, 4, 4, 4, 4, 4, 4, 4, 4, 4, 4, 4, 4, 4, 4, 4, 4, 4, 4, 4, 4, 4, 4, 4, 4, 4, 4, 4, 4, 4, 4, 4, 4, 4, 4, 4, 4, 4, 4, 4, 4, 4, 4, 4, 4, 4, 4, 4, 4, 4, 4, 4, 4, 4, 4, 4, 4, 4, 4, 4, 4, 4, 4, 4, 4, 4, 4, 4, 4, 4, 4, 4, 4, 4, 4, 14, 45, 14, 45, 14, 4, 4, 4, 4, 4, 4, 4, 4, 4, 4, 4, 4, 4, 4, 4, 11, 4, 4, 4, 4, 4, 4, 4, 4, 4, 14, 0, 14, 0, 14, 4, 4, 4, 4, 4, 4, 4, 4, 4, 4, 4, 4, 4, 4, 4, 16, 4, 4, 4, 4, 4, 4, 4, 4, 4, 14, 0, 14, 0, 14, 4, 4, 4, 4, 4, 4, 4, 4, 4, 4, 4, 4, 16, 63, 4, 14, 4, 14, 4, 14, 4, 4, 4, 4, 4, 14, 0, 14, 0, 14, 4, 4, 4, 4, 4, 4, 4, 4, 4, 4, 4, 11, 4, 14, 4, 14, 4, 14, 4, 14, 4, 4, 4, 4, 4, 14, 0, 14, 0, 14, 4, 4, 4, 4, 4, 4, 4, 4, 4, 4, 4, 4, 4, 14, 4, 14, 4, 14, 4, 14, 4, 4, 4, 4, 4, 43, 0, 43, 0, 0, 4, 4, 4, 4, 4, 4, 4, 4, 4, 4, 4, 4, 4, 14, 4, 14, 4, 14, 4, 14, 4, 4, 4, 4, 4, 14, 0, 14, 0, 14, 4, 4, 4, 4, 4, 4, 4, 4, 14, 4, 4, 4, 4, 14, 4, 63, 4, 14, 4, 14, 4, 4, 4, 4, 10, 14, 14, 14, 14, 14, 25, 4, 4, 4, 4, 4, 4, 12, 43, 4, 4, 4, 4, 43, 12, 43, 12, 43, 12, 43, 4, 4, 4, 10, 4, 14, 43, 14, 43, 14, 4, 4, 4, 4, 4, 1, 4, 1, 14, 1, 35, 4, 1, 14, 1, 14, 1, 14, 1, 14, 4, 1, 4, 10, 4, 43, 0, 43, 0, 43, 4, 4, 4, 4, 4, 14, 26, 14, 14, 14, 14, 10, 14, 14, 14, 14, 14, 14, 14, 14, 4, 4, 4, 4, 4, 14, 0, 14, 0, 14, 4, 4, 4, 4, 4, 1, 4, 1, 24, 1, 35, 4, 1, 1, 1, 24, 14, 1, 1, 1, 4, 1, 4, 4, 4, 14, 0, 14, 0, 14, 4, 4, 4, 4, 4, 4, 4, 4, 4, 4, 4, 4, 4, 4, 4, 12, 25, 12, 4, 16, 12, 4, 4, 4, 4, 14, 0, 14, 0, 14, 4, 4, 4, 4, 4, 4, 4, 4, 4, 4, 4, 4, 4, 4, 41, 36, 14, 36, 41, 4, 11, 4, 4, 4, 4, 14, 0, 14, 0, 14, 4, 4, 4, 4, 4, 4, 4, 4, 4, 4, 4, 4, 4, 4, 41, 14, 14, 14, 41, 4, 4, 4, 4, 4, 4, 14, 0, 14, 0, 14, 4, 4, 4, 4, 4, 4, 4, 4, 4, 4, 4, 4, 4, 4, 41, 14, 11, 14, 41, 4, 4, 4, 4, 4, 4, 4, 4, 25, 4, 4, 4, 4, 4, 4, 4, 4, 4, 4, 4, 4, 4, 4, 4, 4, 41, 14, 14, 14, 41, 4, 45, 45, 45, 4, 36, 36, 36, 14, 36, 36, 36, 4, 4, 4, 4, 4, 4, 4, 4, 4, 4, 4, 4, 4, 41, 41, 41, 41, 41, 4, 0, 0, 0, 4, 36, 43, 43, 43, 43, 43, 36, 4, 4, 4, 4, 4, 4, 4, 4, 4, 4, 4, 4, 4, 4, 4, 11, 4, 4, 4, 0, 63, 63, 4, 36, 0, 0, 14, 0, 0, 36, 4, 4, 4, 4, 4, 4, 4, 4, 4, 4, 4, 4, 4, 4, 4, 4, 4, 45, 63, 63, 63, 46, 4, 36, 0, 0, 43, 0, 0, 36, 4, 4, 4, 4, 4, 4, 4, 4, 4, 4, 4, 4, 4, 4, 4, 63, 63, 63, 63, 46, 46, 0, 4, 36, 0, 0, 11, 0, 0, 36, 4, 4, 4, 4, 4, 4, 4, 4, 4, 4, 4, 4, 4, 4, 4, 46, 46, 46, 46, 0, 0, 0, 4, 36, 36, 36, 36, 36, 36, 36, 4, 4, 4, 4, 4, 4, 4, 4, 4, 4, 4, 4, 4, 4, 4, 4, 4, 4, 4, 4, 4, 4, 4, 4, 4, 4, 4, 4, 4, 4, 4, 4, 4, 4],
 "tiles":"tiles1.png",
 "water":"water1.png",
 "mobs":[
{"kind":"Albino","x":3,"y":14,"loot":{"kind":"IronKey"}},
{"kind":"DeathKnight","x":8,"y":14,"loot":{"kind":"ScrollOfUpgrade"}},
{"kind":"Zombie","x":8,"y":13,"loot":{"kind":"LeatherArmor","identified":true}},
{"kind":"Shielded","x":8,"y":12,"loot":{"kind":"ScrollOfUpgrade"}},
{"kind":"Kobold","x":8,"y":11,"loot":{"kind":"RingOfAccuracy","level":1,"identified":true}},
{"kind":"Goo","x":8,"y":10,"loot":{"kind":"Gold"}},
{"kind":"Senior","x":10,"y":13,"loot":{"kind":"Codex","text":"Next1"}},
{"kind":"EarthElemental","x":10,"y":11,"level":35,"loot":{"kind":"Codex","text":"Next"}},
{"kind":"IceGuardian","x":10,"y":12,"loot":{"kind":"Codex","text":"Next2"}},
{"kind":"WaterElemental","x":10,"y":14,"level":11,"loot":{"kind":"ScrollOfWeaponUpgrade"}},
{"kind":"Yog","x":10,"y":10, "loot":{"kind":"ScrollOfUpgrade"}}
],
"items":[
{"kind":"Codex","x":3,"y":17,"text":"GuideText"},
{"kind":"WandOfBlink","level":-1,"identified":true,"x":15,"y":20,"maxCharges":7777},
{"kind":"RatArmor","x":6,"y":11,"identified":true},
{"kind":"Codex","x":11,"y":22, "text":"Enchants"},
{"kind":"BlankScroll","x":11,"y":22},
{"kind":"NecromancerRobe","x":10,"y":8}
],
 "width":30
}
