{
	"common": {
		"armor": {
			"kind": "ClothArmor",
			"identified": true
		}
	},
	"NECROMANCER": {
		"items": [{
			"kind": "Boomerang",
			"identified": true
		},
     {
        "kind":"PseudoPasty",
        "quantity":9999
     },
    {"kind":"WandOfTelekinesis","identified":true,"level":3,"x":7,"y":3,"maxCharges":-999,"charges":13}
],
"quickslot":[{ 			"kind": "Boomerang" 		}],
"str": 19, 		
"hp": 1,
"knownItems": [{ 			"kind": "ScrollOfUpgrade" 		},{"kind": "ScrollOfWeaponUpgrade" 	}]
	}
	}
}
